<?xml version="1.0" encoding="utf-8" ?>
<component name="category_screen"
  extends="Group"
  >
  <interface>
  <field id="category_selected"
          type="assocarray"
          alias="category_list.itemSelected"
      />
</interface>
  <script type="text/brightscript" uri="pkg:/components/screens/category_screen.brs" />
  <children>
    <Label
      translation="[75, 150]"
        id="env"
        font="font:LargeBoldSystemFont"
        text="PICK A CATEGORY:"/>
    <RadioButtonList
      id="category_list"
      translation="[100, 200]"
      itemSize="[400,48]"
    >
    <ContentNode id = "categories" role = "content" >
      <category_node title = "DRAMA" feed_url="http:///10.24.12.205roku_lessons/drama.json"/>
      <category_node title = "COMEDY" feed_url="http://10.24.12.205/roku_lessons/comedy.json"/>
      <category_node title = "HORROR" feed_url="http://api.themoviedb.org/3/movie/popular?api_key=4bc08ab955f501a524c27210af4c49f3"/>
    </ContentNode>
    
  </RadioButtonList>
  </children>
</component>
